ID,ジャンル,作品名,出演者,内部メモ,画像URL,サンプル動画URL,アフィリリンク,親投稿本文,リプライ本文,投稿済み
"Z001","熟女","篠田ゆう The History Best 4枚組16時間","篠田ゆう","篠田嬢の16時間、わが股間も16時間戦闘態勢・・・！！","https://pics.dmm.co.jp/digital/video/jums00066/jums00066pl.jpg","https://www.dmm.co.jp/litevideo/-/part/=/cid=jums00066/size=720_480/affi_id=nsplot-990/","https://al.fanza.co.jp/?lurl=https%3A%2F%2Fvideo.dmm.co.jp%2Fav%2Fcontent%2F%3Fid%3Djums00066&af_id=nsplot-990&ch=api","篠田ゆうの16時間ベスト・・・小生が保証します、これは観ておけ。熟女の最高峰がここに凝縮。業界目利きの小生が太鼓判。
https://www.dmm.co.jp/litevideo/-/part/=/cid=jums00066/size=720_480/affi_id=nsplot-990/","篠田ゆう嬢の新作熟女。詳細・購入はこちら↓
https://al.fanza.co.jp/?lurl=https%3A%2F%2Fvideo.dmm.co.jp%2Fav%2Fcontent%2F%3Fid%3Djums00066&af_id=nsplot-990&ch=api",
"Z002","熟女","発情！！エロ漫画ボディ母 長澤史華","長澤史華","長澤史華嬢の熟女、小生タマラン・・・！！","https://pics.dmm.co.jp/digital/video/h_086hone00296/h_086hone00296pl.jpg","https://www.dmm.co.jp/litevideo/-/part/=/cid=h_086hone00296/size=720_480/affi_id=nsplot-990/","https://al.fanza.co.jp/?lurl=https%3A%2F%2Fvideo.dmm.co.jp%2Fav%2Fcontent%2F%3Fid%3Dh_086hone00296&af_id=nsplot-990&ch=api","【新作入荷】長澤史華嬢の熟女作品
https://www.dmm.co.jp/litevideo/-/part/=/cid=h_086hone00296/size=720_480/affi_id=nsplot-990/","長澤史華嬢の新作熟女。詳細・購入はこちら↓
https://al.fanza.co.jp/?lurl=https%3A%2F%2Fvideo.dmm.co.jp%2Fav%2Fcontent%2F%3Fid%3Dh_086hone00296&af_id=nsplot-990&ch=api",
"Z003","熟女","【VR】5年ぶり…初8K美乃すずめVR AV現場’1日密着’僕は新米マネージャー！！","美乃すずめ","美乃すずめ嬢の8K初登場、小生の愚息も五年ぶりの興奮で大暴れ・・・！！","https://pics.dmm.co.jp/digital/video/1favr00002/1favr00002pl.jpg","","https://al.fanza.co.jp/?lurl=https%3A%2F%2Fvideo.dmm.co.jp%2Fav%2Fcontent%2F%3Fid%3D1favr00002&af_id=nsplot-990&ch=api","美乃すずめの初8K VR、5年ぶりの現場復帰密着モノ。熟女の色気を8Kで堪能とか、これは観ておけ・・・！！小生が太鼓判 https://","業界知ってる目で言わせてもらうと、美乃すずめの8K映像化は待望だった。5年ぶりの復帰作でVR化、新米マネージャー視点で日常から本番まで密着。臨場感が違う。熟女ものの最高峰がここに。詳細・購入はこちら↓
https://al.fanza.co.jp/?lurl=https%3A%2F%2Fvideo.dmm.co.jp%2Fav%2Fcontent%2F%3Fid%3D1favr00002&af_id=nsplot-990&ch=api",
"Z004","熟女","【VR】解禁。小沢菜穂 8K初VR 年下のキミと初めてのお泊り不倫性交","小沢菜穂","小沢菜穂嬢の熟女、小生タマラン・・・！！","https://pics.dmm.co.jp/digital/video/1favr00001/1favr00001pl.jpg","","https://al.fanza.co.jp/?lurl=https%3A%2F%2Fvideo.dmm.co.jp%2Fav%2Fcontent%2F%3Fid%3D1favr00001&af_id=nsplot-990&ch=api","小沢菜穂が8K VRで初解禁。年下男との禁断のお泊まり不倫。熟女の深みと色気が次元違う。これは観ておけ・・・！！","業界屈指の熟女女優・小沢菜穂が8Kで登場。年下男との濃厚な肌合わせをVRで完全体験。圧倒的臨場感で繰り広げられる初めてのお泊り不倫。熟成された色気と技巧を目の当たりに。この機会に。詳細はこちら↓
https://al.fanza.co.jp/?lurl=https%3A%2F%2Fvideo.dmm.co.jp%2Fav%2Fcontent%2F%3Fid%3D1favr00001&af_id=nsplot-990&ch=api",
"Z005","熟女","初めての彼女は親友のお母さん 小沢菜穂","小沢菜穂","小沢菜穂嬢の熟れた色気、小生の愚息も理性を失いそう・・・！！","https://pics.dmm.co.jp/digital/video/1dldss00371/1dldss00371pl.jpg","https://www.dmm.co.jp/litevideo/-/part/=/cid=1dldss371/size=720_480/affi_id=nsplot-990/","https://al.fanza.co.jp/?lurl=https%3A%2F%2Fvideo.dmm.co.jp%2Fav%2Fcontent%2F%3Fid%3D1dldss00371&af_id=nsplot-990&ch=api","小沢菜穂の親友の母親役、これは観ておけ。熟女のエロスを知り尽くした小生が保証する一本だ。
https://www.dmm.co.jp/litevideo/-/part/=/cid=1dldss371/size=720_480/affi_id=nsplot-990/","小沢菜穂嬢の新作熟女。詳細・購入はこちら↓
https://al.fanza.co.jp/?lurl=https%3A%2F%2Fvideo.dmm.co.jp%2Fav%2Fcontent%2F%3Fid%3D1dldss00371&af_id=nsplot-990&ch=api",
"Z006","人妻","マジックミラー号作品集 2024年版 3枚組ほぼ14時間SP 過去3年分76タイトルの中から最もスペクタルでどエロイ37名を厳選！ SOFT ON DEMAND","謎の熟女嬢","謎の熟女嬢嬢の人妻、小生タマラン・・・！！","https://pics.dmm.co.jp/digital/video/1sods00063/1sods00063pl.jpg","","https://al.fanza.co.jp/?lurl=https%3A%2F%2Fvideo.dmm.co.jp%2Fav%2Fcontent%2F%3Fid%3D1sods00063&af_id=nsplot-990&ch=api","人妻モノの熟度ならこれは必見だ。マジックミラー号の3年分76タイトル、14時間の濃厚さよ。経験値の塊みたいな熟女嬢の仕掛けられた状況下での反応・・・これぞ本物。小生が太鼓判を押す傑作だ。","謎の熟女嬢嬢の新作人妻。詳細・購入はこちら↓
https://al.fanza.co.jp/?lurl=https%3A%2F%2Fvideo.dmm.co.jp%2Fav%2Fcontent%2F%3Fid%3D1sods00063&af_id=nsplot-990&ch=api",
"Z007","NTR","息子が通う保育園の美人先生と妻子が実家に帰省中に自宅密会をして1週間ヤリまくった絶倫不倫セックス MINAMO","MINAMO","MINAMO嬢のNTR、小生タマラン・・・！！","https://pics.dmm.co.jp/digital/video/1start00148/1start00148pl.jpg","https://www.dmm.co.jp/litevideo/-/part/=/cid=1start148/size=720_480/affi_id=nsplot-990/","https://al.fanza.co.jp/?lurl=https%3A%2F%2Fvideo.dmm.co.jp%2Fav%2Fcontent%2F%3Fid%3D1start00148&af_id=nsplot-990&ch=api","【新作入荷】MINAMO嬢のNTR作品
https://www.dmm.co.jp/litevideo/-/part/=/cid=1start148/size=720_480/affi_id=nsplot-990/","MINAMO嬢の新作NTR。詳細・購入はこちら↓
https://al.fanza.co.jp/?lurl=https%3A%2F%2Fvideo.dmm.co.jp%2Fav%2Fcontent%2F%3Fid%3D1start00148&af_id=nsplot-990&ch=api",
"Z008","NTR","彼女の親友のAV女優、‘河北彩花’を一生分ハメ尽くした年末の奇跡","河北彩花（河北彩伽）","河北彩花（河北彩伽）嬢のNTR、小生タマラン・・・！！","https://pics.dmm.co.jp/digital/video/sone00153/sone00153pl.jpg","https://www.dmm.co.jp/litevideo/-/part/=/cid=sone00153/size=720_480/affi_id=nsplot-990/","https://al.fanza.co.jp/?lurl=https%3A%2F%2Fvideo.dmm.co.jp%2Fav%2Fcontent%2F%3Fid%3Dsone00153&af_id=nsplot-990&ch=api","河北彩花のNTR、これは観ておけ・・・！彼女の親友という設定が効く。小生が太鼓判を押す逸品だ。
https://www.dmm.co.jp/litevideo/-/part/=/cid=sone00153/size=720_480/affi_id=nsplot-990/","河北彩花（河北彩伽）嬢の新作NTR。詳細・購入はこちら↓
https://al.fanza.co.jp/?lurl=https%3A%2F%2Fvideo.dmm.co.jp%2Fav%2Fcontent%2F%3Fid%3Dsone00153&af_id=nsplot-990&ch=api",
"Z009","NTR","マザコン童貞の部下とまさかの相部屋に…執拗にオッパイを責め弄び絶倫激ピスで一晩中寝取られた。 女神ジュン","女神ジュン","女神ジュン嬢のNTR、小生タマラン・・・！！","https://pics.dmm.co.jp/digital/video/1fns00014/1fns00014pl.jpg","https://www.dmm.co.jp/litevideo/-/part/=/cid=1fns014/size=720_480/affi_id=nsplot-990/","https://al.fanza.co.jp/?lurl=https%3A%2F%2Fvideo.dmm.co.jp%2Fav%2Fcontent%2F%3Fid%3D1fns00014&af_id=nsplot-990&ch=api","女神ジュンのこの一本・・・マザコン童貞との相部屋でどうなるかだけは目に焼き付けておけ。小生が太鼓判を押す逸材だ。
https://www.dmm.co.jp/litevideo/-/part/=/cid=1fns014/size=720_480/affi_id=nsplot-990/","女神ジュン嬢の新作NTR。詳細・購入はこちら↓
https://al.fanza.co.jp/?lurl=https%3A%2F%2Fvideo.dmm.co.jp%2Fav%2Fcontent%2F%3Fid%3D1fns00014&af_id=nsplot-990&ch=api",
"Z010","NTR","俺のことが昔から大好きな幼馴染に1ヶ月の禁欲をさせて彼女不在中にハメまくった甘くも切ない3日間 長浜みつり","長浜みつり","長浜みつり嬢のNTR、小生タマラン・・・！！","https://pics.dmm.co.jp/digital/video/ipzz00314/ipzz00314pl.jpg","https://www.dmm.co.jp/litevideo/-/part/=/cid=ipzz00314/size=720_480/affi_id=nsplot-990/","https://al.fanza.co.jp/?lurl=https%3A%2F%2Fvideo.dmm.co.jp%2Fav%2Fcontent%2F%3Fid%3Dipzz00314&af_id=nsplot-990&ch=api","長浜みつりのNTRで幼馴染の純愛を壊すやつ。禁欲サイクルから解放される瞬間の表情がエグい。小生が太鼓判を押す傑作だ・・・！！
https://www.dmm.co.jp/litevideo/-/part/=/cid=ipzz00314/size=720_480/affi_id=nsplot-990/","長浜みつり嬢の新作NTR。詳細・購入はこちら↓
https://al.fanza.co.jp/?lurl=https%3A%2F%2Fvideo.dmm.co.jp%2Fav%2Fcontent%2F%3Fid%3Dipzz00314&af_id=nsplot-990&ch=api",
"Z011","NTR","社員旅行NTR 妻が会社の水着BBQパーティーで●っぱらってハメを外しまくっていたビデオ 善場まみ","善場まみ（茉城まみ）","善場まみ（茉城まみ）嬢のNTR、小生タマラン・・・！！","https://pics.dmm.co.jp/digital/video/1dldss00448/1dldss00448pl.jpg","https://www.dmm.co.jp/litevideo/-/part/=/cid=1dldss448/size=720_480/affi_id=nsplot-990/","https://al.fanza.co.jp/?lurl=https%3A%2F%2Fvideo.dmm.co.jp%2Fav%2Fcontent%2F%3Fid%3D1dldss00448&af_id=nsplot-990&ch=api","善場まみの素顔を知るなら絶対これだ。社員旅行で本性を晒すNTRシーン、小生が太鼓判を押します。
https://www.dmm.co.jp/litevideo/-/part/=/cid=1dldss448/size=720_480/affi_id=nsplot-990/","妻の無防備な姿に興奮度MAX。善場まみが社員旅行の水着BBQで酔っぱらってセクシー全開。公然猥褻なシチュエーション、複数人との絡み、興奮度の高いハメ撮りシーン…見ごたえ十分です。本編・詳細はこちら↓
https://al.fanza.co.jp/?lurl=https%3A%2F%2Fvideo.dmm.co.jp%2Fav%2Fcontent%2F%3Fid%3D1dldss00448&af_id=nsplot-990&ch=api",
"Z012","若妻","年下の大学生がガチ恋したバニーガールはシンママだった 子育てに追われて散らかったマンションで根暗な僕の暴走した性欲を受け止め中出しさせてくれる若妻 本庄鈴","本庄鈴","本庄鈴嬢のシンママ役、小生の愚息も大暴れ・・・！！","https://pics.dmm.co.jp/digital/video/1start00259/1start00259pl.jpg","https://www.dmm.co.jp/litevideo/-/part/=/cid=1start00259/size=720_480/affi_id=nsplot-990/","https://al.fanza.co.jp/?lurl=https%3A%2F%2Fvideo.dmm.co.jp%2Fav%2Fcontent%2F%3Fid%3D1start00259&af_id=nsplot-990&ch=api","本庄鈴のシンママバニーガール、これは観ておけ・・・！！子育ての疲労感をリアルに出してる若妻モノは珍しいぞ。小生が太鼓判を押す一本だ。
https://www.dmm.co.jp/litevideo/-/part/=/cid=1start00259/size=720_480/affi_id=nsplot-990/","若妻との不倫要素、シンママという設定の切実さ、バニーガール衣装での魅力。年下との年の差恋愛ドラマと身近な家庭環境のギャップが秀逸。本庄鈴の色気と母親らしさの両面が光る一本。詳細はこちら↓
https://al.fanza.co.jp/?lurl=https%3A%2F%2Fvideo.dmm.co.jp%2Fav%2Fcontent%2F%3Fid%3D1start00259&af_id=nsplot-990&ch=api",
"Z013","若妻","毎晩聞こえる義父と義母のドストライクピストンにガマン出来ず… 逆夜●いで何度も中出しを誘ってしまったワタシ（若妻）。 石原希望","石原希望","希望嬢の喘ぎ声、小生の愚息も堅くなりっぱなし・・・！！","https://pics.dmm.co.jp/digital/video/midv00758/midv00758pl.jpg","https://www.dmm.co.jp/litevideo/-/part/=/cid=midv00758/size=720_480/affi_id=nsplot-990/","https://al.fanza.co.jp/?lurl=https%3A%2F%2Fvideo.dmm.co.jp%2Fav%2Fcontent%2F%3Fid%3Dmidv00758&af_id=nsplot-990&ch=api","石原希望の若妻が隣室の義父母の喘ぎで我慢できず…この緊張感とギリギリの背徳感、これは観ておけ。小生が太鼓判を押す傑作だ。
https://www.dmm.co.jp/litevideo/-/part/=/cid=midv00758/size=720_480/affi_id=nsplot-990/","隣室から聞こえるあの音…。禁欲の日々を耐える若妻が、ついに理性崩壊。義父を誘い渡る濃密なシーン、石原希望の喘ぎが堪らない逆夜這い展開。家族関係が壊れていく緊張感と快感の葛藤、必見です。全編・詳細はこちら↓
https://al.fanza.co.jp/?lurl=https%3A%2F%2Fvideo.dmm.co.jp%2Fav%2Fcontent%2F%3Fid%3Dmidv00758&af_id=nsplot-990&ch=api",
"Z014","若妻","ようこそ おっぱいの楽園―乳宮城へ！デカパイ美女を助けたら お礼に連れ込まれたのは人妻ハーレム天国！？巨乳ボインばいん痴女にヤられまくった僕 小花のん 姫咲はな 月野かすみ","小花のん・姫咲はな・月野かすみ","小花のん・姫咲はな・月野かすみ嬢の若妻、小生タマラン・・・！！","https://pics.dmm.co.jp/digital/video/jur00416/jur00416pl.jpg","https://www.dmm.co.jp/litevideo/-/part/=/cid=jur00416/size=720_480/affi_id=nsplot-990/","https://al.fanza.co.jp/?lurl=https%3A%2F%2Fvideo.dmm.co.jp%2Fav%2Fcontent%2F%3Fid%3Djur00416&af_id=nsplot-990&ch=api","小花のん、姫咲はな、月野かすみが揃った若妻企画、これは観ておけ・・・！！小生が太鼓判を押す傑作。乳宮城へようこそ。
https://www.dmm.co.jp/litevideo/-/part/=/cid=jur00416/size=720_480/affi_id=nsplot-990/","小花のん・姫咲はな・月野かすみ嬢の新作若妻。詳細・購入はこちら↓
https://al.fanza.co.jp/?lurl=https%3A%2F%2Fvideo.dmm.co.jp%2Fav%2Fcontent%2F%3Fid%3Djur00416&af_id=nsplot-990&ch=api",
"Z015","若妻","セクハラ義父、意地悪な姑、マザコン夫…結婚ガチャに大外れした巨乳若妻が三者択一ですがったのはキモい義父との粘着性交 夢乃あいか","夢乃あいか","夢乃嬢の悔しさ顔、小生の愚息も我慢ならん・・・！！","https://pics.dmm.co.jp/digital/video/snos00120/snos00120pl.jpg","https://www.dmm.co.jp/litevideo/-/part/=/cid=snos00120/size=720_480/affi_id=nsplot-990/","https://al.fanza.co.jp/?lurl=https%3A%2F%2Fvideo.dmm.co.jp%2Fav%2Fcontent%2F%3Fid%3Dsnos00120&af_id=nsplot-990&ch=api","セクハラ義父、意地悪な姉…夢乃あいかの巨乳若妻が極限の三者択一に追い詰められる。小生が太鼓判。これは観ておけ。
https://www.dmm.co.jp/litevideo/-/part/=/cid=snos00120/size=720_480/affi_id=nsplot-990/","結婚ガチャ大外れ設定のドラマティックな展開。セクハラ義父、意地悪な姑、マザコン夫という三つの選択肢の緊張感が秀逸。夢乃あいかの巨乳を活かしたシーン構成で、絶望感と快感のギャップが最高に映える作品。屈辱的な状況設定が何度も更新される、業界人も
https://al.fanza.co.jp/?lurl=https%3A%2F%2Fvideo.dmm.co.jp%2Fav%2Fcontent%2F%3Fid%3Dsnos00120&af_id=nsplot-990&ch=api",
"Z016","若妻","綺麗になりたい美脚人妻キメセク開発マッサージ デカ尻ぶるぶる脚ガク痙攣アクメで何度も孕ませ中出し。 白峰ミウ","白峰ミウ","白峰ミウ嬢の若妻、小生タマラン・・・！！","https://pics.dmm.co.jp/digital/video/pred00556/pred00556pl.jpg","https://www.dmm.co.jp/litevideo/-/part/=/cid=pred00556/size=720_480/affi_id=nsplot-990/","https://al.fanza.co.jp/?lurl=https%3A%2F%2Fvideo.dmm.co.jp%2Fav%2Fcontent%2F%3Fid%3Dpred00556&af_id=nsplot-990&ch=api","白峰ミウの美脚と肉感、この若妻作品は観ておけ・・・！小生が保証する逸品だ。キメセク開発の鬼畜マッサージ、脚ガク痙攣アクメの連続。必見です
https://www.dmm.co.jp/litevideo/-/part/=/cid=pred00556/size=720_480/affi_id=nsplot-990/","白峰ミウの美脚を存分に堪能できる一本。マッサージ名目での巧妙な開発手口、その過程で見せる脚のガク痙攣とアクメの連鎖。人妻特有の羞恥心と欲望の葛藤が秀逸。ぶるぶる震える美尻の迫力も必見。全編・詳細はこちら↓
https://al.fanza.co.jp/?lurl=https%3A%2F%2Fvideo.dmm.co.jp%2Fav%2Fcontent%2F%3Fid%3Dpred00556&af_id=nsplot-990&ch=api",
"Z017","フェラ","【会社に内緒・自宅で初撮り】奨学金450万、限界新卒ちゃん。地味っぽいけど脱いだらクッソむちエロ漫画ボディ。 きよか 24歳","佐藤白花","佐藤白花嬢のフェラ、小生タマラン・・・！！","https://pics.dmm.co.jp/digital/video/1mogi00141/1mogi00141pl.jpg","https://www.dmm.co.jp/litevideo/-/part/=/cid=1mogi00141/size=720_480/affi_id=nsplot-990/","https://al.fanza.co.jp/?lurl=https%3A%2F%2Fvideo.dmm.co.jp%2Fav%2Fcontent%2F%3Fid%3D1mogi00141&af_id=nsplot-990&ch=api","新卒とは思えねぇテクニック。佐藤白花、奨学金の為に決死のフェラ初撮り。地味で限界だからこそ本気度が違う。これは観ておけ…！！
https://www.dmm.co.jp/litevideo/-/part/=/cid=1mogi00141/size=720_480/affi_id=nsplot-990/","佐藤白花嬢の新作フェラ。詳細・購入はこちら↓
https://al.fanza.co.jp/?lurl=https%3A%2F%2Fvideo.dmm.co.jp%2Fav%2Fcontent%2F%3Fid%3D1mogi00141&af_id=nsplot-990&ch=api",
"Z018","フェラ","爆乳でパツンパツンの隣人のマキシワンピが俺の理性をぶち壊し帰りを待つ嫁を放置して三日三晩汗だく性交に明け暮れた 彩月七緒","彩月七緒","彩月七緒嬢のフェラ、小生タマラン・・・！！","https://pics.dmm.co.jp/digital/video/1start00404/1start00404pl.jpg","https://www.dmm.co.jp/litevideo/-/part/=/cid=1start00404/size=720_480/affi_id=nsplot-990/","https://al.fanza.co.jp/?lurl=https%3A%2F%2Fvideo.dmm.co.jp%2Fav%2Fcontent%2F%3Fid%3D1start00404&af_id=nsplot-990&ch=api","彩月七緒の爆乳フェラ、この迫力は映像で見ないと伝わらん。隣人の誘惑に理性崩壊するシーン、小生が太鼓判を押す逸品だ。サンプル動画必見・・・！！
https://www.dmm.co.jp/litevideo/-/part/=/cid=1start00404/size=720_480/affi_id=nsplot-990/","爆乳でボディラインが際立つマキシワンピの隣人・彩月七緒。そのビジュアルと豊満ボディに魅了された男が理性を失い、濃厚フェラで絡み付く唾液、喉奥まで貪る迫力のシーン。圧倒的存在感が見もの。全編・詳細はこちら↓
https://al.fanza.co.jp/?lurl=https%3A%2F%2Fvideo.dmm.co.jp%2Fav%2Fcontent%2F%3Fid%3D1start00404&af_id=nsplot-990&ch=api",
"Z019","フェラ","会社では地味な巨乳OLとおっパブで遭遇「内緒にしてくれるなら」と口止めフェベチオされて仕事中もしゃぶられる関係に… 朝海汐","朝海汐","朝海汐嬢のフェラ、小生タマラン・・・！！","https://pics.dmm.co.jp/digital/video/1dldss00402/1dldss00402pl.jpg","https://www.dmm.co.jp/litevideo/-/part/=/cid=1dldss402/size=720_480/affi_id=nsplot-990/","https://al.fanza.co.jp/?lurl=https%3A%2F%2Fvideo.dmm.co.jp%2Fav%2Fcontent%2F%3Fid%3D1dldss00402&af_id=nsplot-990&ch=api","【新作入荷】朝海汐嬢のフェラ作品
https://www.dmm.co.jp/litevideo/-/part/=/cid=1dldss402/size=720_480/affi_id=nsplot-990/","朝海汐嬢の新作フェラ。詳細・購入はこちら↓
https://al.fanza.co.jp/?lurl=https%3A%2F%2Fvideo.dmm.co.jp%2Fav%2Fcontent%2F%3Fid%3D1dldss00402&af_id=nsplot-990&ch=api",
"Z020","フェラ","【VR】【8K】時間停止VR 恋渕ももな","恋渕ももな","恋渕嬢の唇技、小生の股間も時間停止状態・・・！！","https://pics.dmm.co.jp/digital/video/13dsvr01740/13dsvr01740pl.jpg","","https://al.fanza.co.jp/?lurl=https%3A%2F%2Fvideo.dmm.co.jp%2Fav%2Fcontent%2F%3Fid%3D13dsvr01740&af_id=nsplot-990&ch=api","【新作入荷】恋渕ももな嬢のフェラ作品","恋渕ももな嬢の新作フェラ。詳細・購入はこちら↓
https://al.fanza.co.jp/?lurl=https%3A%2F%2Fvideo.dmm.co.jp%2Fav%2Fcontent%2F%3Fid%3D13dsvr01740&af_id=nsplot-990&ch=api",
"Z021","フェラ","最高主観でコスプレ彩花に大量フェラチオ顔射 河北彩花","河北彩花（河北彩伽）","河北彩花（河北彩伽）嬢のフェラ、小生タマラン・・・！！","https://pics.dmm.co.jp/digital/video/ssis00984/ssis00984pl.jpg","https://www.dmm.co.jp/litevideo/-/part/=/cid=ssis00984/size=720_480/affi_id=nsplot-990/","https://al.fanza.co.jp/?lurl=https%3A%2F%2Fvideo.dmm.co.jp%2Fav%2Fcontent%2F%3Fid%3Dssis00984&af_id=nsplot-990&ch=api","河北彩花の主観フェラ、これはマジで観ておけ。顔射までの流れが完璧。小生が太鼓判を押す傑作だ
https://www.dmm.co.jp/litevideo/-/part/=/cid=ssis00984/size=720_480/affi_id=nsplot-990/","河北彩花の最高主観フェラシーン。コスプレ姿でディープなフェラテク炸裂。生唾液垂れ流しからのド迫力顔射まで。この子のフェラ適性の高さは本物。全編・詳細はこちら↓
https://al.fanza.co.jp/?lurl=https%3A%2F%2Fvideo.dmm.co.jp%2Fav%2Fcontent%2F%3Fid%3Dssis00984&af_id=nsplot-990&ch=api",